sha	date	cell	merge	kind	paths	subject	note	timeline	repro	required	protocol	issues	repro_cmd	repro_writes	note_cell	claim	runnable	repro_out	issue_state	opened	validation	verdict	evidence
7d02a66	2026-09-13	hydra	no	gate	2	fix(guards): superseded is not current -- take the latest check run per name	no	na	na	yes	missing-note	-	-	na	-	fix(guards): superseded is not current -- take the latest check run per	na	na	-	-	gate	unverifiable	protocol defect: kind=gate requires a note, none present
9332ed3	2026-09-13	hydra	no	apps	1	fix(core): add the h2 rule the served stylesheet was missing (#53)	no	na	na	no	not-required	#53	-	na	-	fix(core): add the h2 rule the served stylesheet was missing (#53)	na	na	53:pr-merged	-	none	unverifiable	no corroborating evidence found
ea31818	2026-09-13	hydra	no	docs	2	docs(scenarios): D14 broken change and expired window, D15 superseded check runs	no	na	na	no	not-required	#54,#56	-	na	-	docs(scenarios): D14 broken change and expired window, D15 superseded check runs	na	na	54:pr-merged,56:pr-closed	-	none	unverifiable	no corroborating evidence found
705fa6b	2026-09-13	hydra	no	apps	1	feat(dashboard): drop the colour column, put the activation on front	no	na	na	no	not-required	-	-	na	-	feat(dashboard): drop the colour column, put the activation on front	na	na	-	-	none	unverifiable	no corroborating evidence found
126c03a	2026-09-13	hydra	no	apps	1	fix(core): add the where-am-I rules the served stylesheet was missing (#54)	no	na	na	no	not-required	#54	-	na	-	fix(core): add the where-am-I rules the served stylesheet was missing (#54)	na	na	54:pr-merged	-	none	unverifiable	no corroborating evidence found
0c12a64	2026-09-13	hydra	no	docs	2	docs(scenarios): D16 -- the driver walked past a refusal into production	no	na	na	no	not-required	#54	-	na	-	docs(scenarios): D16 -- the driver walked past a refusal into production	na	na	54:pr-merged	-	none	unverifiable	no corroborating evidence found
d69c279	2026-09-13	hydra	no	docs	1	docs(adr): missing a window is a control-flow path, not a failure	no	na	na	no	not-required	#55	-	na	-	docs(adr): missing a window is a control-flow path, not a failure	na	na	55:pr-closed	-	none	unverifiable	no corroborating evidence found
76553c9	2026-09-13	hydra	no	spec	2	spec: 0.5 -- defect taxonomy, boundary conditions, nomenclature	no	na	na	yes	missing-note	#1	-	na	-	spec: 0.5 -- defect taxonomy, boundary conditions, nomenclature	na	na	1:issue-open	-	none	unverifiable	protocol defect: kind=spec requires a note, none present
9416d98	2026-09-13	hydra	no	docs	1	docs(screenshots): the board with a refused change expiring, unreaped	no	na	na	no	not-required	#56,#57	-	na	-	docs(screenshots): the board with a refused change expiring, unreaped	na	na	56:pr-closed,57:pr-merged	-	none	unverifiable	no corroborating evidence found
cc6bd04	2026-09-13	hydra	no	apps	1	fix(plp): say 'right now' in the heading when the catalogue is unavailable (#57)	no	na	na	no	not-required	#57	-	na	-	fix(plp): say 'right now' in the heading when the catalogue is unavailable	na	na	57:pr-merged	-	none	unverifiable	no corroborating evidence found
3f08640	2026-09-13	hydra	no	docs	2	docs: where a person must act, and the build by the numbers	no	na	na	no	not-required	-	-	na	-	docs: where a person must act, and the build by the numbers	na	na	-	-	none	unverifiable	no corroborating evidence found
3e18849	2026-09-13	hydra	no	experiment	1	docs(experiments): the five-slot post-implementation review	no	na	na	no	not-required	#21	-	na	-	docs(experiments): the five-slot post-implementation review	na	na	21:pr-open	-	none	unverifiable	no corroborating evidence found
944c541	2026-09-13	hydra	no	experiment	9	feat(experiments): 016 -- DORA metrics for the 2026-09-13/14 release night	no	na	na	no	not-required	#40,#54	-	na	-	feat(experiments): 016 -- DORA metrics for the 2026-09-13/14 release night	na	na	40:pr-closed,54:pr-merged	-	none	unverifiable	no corroborating evidence found
eedf76a	2026-09-13	hydra	no	experiment	8	experiments/017: token metrics, and correct a 1.91x overcount	no	na	na	no	not-required	#6,#57	-	na	-	experiments/017: token metrics, and correct a 1.91x overcount	na	na	6:pr-merged,57:pr-merged	-	none	unverifiable	no corroborating evidence found
de9f25f	2026-09-13	hydra	no	change-script	1	fix(activate): read the current check run, and the declared staging front	no	na	na	yes	missing-note	#61,#62	-	na	-	fix(activate): read the current check run, and the declared staging front	na	na	61:pr-merged,62:pr-merged	-	none	unverifiable	protocol defect: kind=change-script requires a note, none present
d98796e	2026-09-13	hydra	no	change-script	1	fix(activate): deploy the apps, not the stand-in; front from the declaration	no	na	na	yes	missing-note	#54,#62	-	na	-	fix(activate): deploy the apps, not the stand-in; front from the declaration	na	na	54:pr-merged,62:pr-merged	-	none	unverifiable	protocol defect: kind=change-script requires a note, none present
37b39fb	2026-09-13	hydra	no	apps	1	feat(pdp): offer search as a way out of a not-found product (#63)	no	na	na	no	not-required	#63	-	na	-	feat(pdp): offer search as a way out of a not-found product (#63)	na	na	63:pr-merged	-	none	unverifiable	no corroborating evidence found
c43bf36	2026-09-13	hydra	no	change-script	1	fix(soak): zero probes is not a pass	no	na	na	yes	missing-note	#63	-	na	-	fix(soak): zero probes is not a pass	na	na	63:pr-merged	-	none	unverifiable	protocol defect: kind=change-script requires a note, none present
d4be349	2026-09-13	hydra	no	apps	1	fix(pdp): say so when a product carries no availability at all (#64)	no	na	na	no	not-required	#64	-	na	-	fix(pdp): say so when a product carries no availability at all (#64)	na	na	64:pr-merged	-	none	unverifiable	no corroborating evidence found
16aa82a	2026-09-13	hydra	no	spec	2	spec: defect class 8 -- not yet is not no, and cannot say is not either	no	na	na	yes	missing-note	#63	-	na	-	spec: defect class 8 -- not yet is not no, and cannot	na	na	63:pr-merged	-	none	unverifiable	protocol defect: kind=spec requires a note, none present
ac8a5d3	2026-09-13	hydra	no	chore	2	fix(forge): the batch emacs targets could not fail	yes	yes	yes	no	not-required	-	gmake forge-pull # 4.0s, "forge: pulled", exit 0 ; emacs --batch -l standard-change.el \ ; emacs --batch -l standard-change.el --eval '(setq auth-sources nil)' \ ; emacs --batch -l standard-change.el -f standard-change-status	no	-	fix(forge): the batch emacs targets could not fail	yes	na	-	-	gate	unverifiable	no corroborating evidence found
bd84e50	2026-09-13	hydra	no	apps	1	fix(pdp): say 'right now' in the heading when the catalogue is unavailable (#66)	no	na	na	no	not-required	#66	-	na	-	fix(pdp): say 'right now' in the heading when the catalogue is unavailable	na	na	66:pr-merged	-	none	unverifiable	no corroborating evidence found
3cc2740	2026-09-13	hydra	no	spec	1	spec: exposure, the LAN boundary, and the freeze with no declarer	no	na	na	yes	missing-note	-	-	na	-	spec: exposure, the LAN boundary, and the freeze with no declarer	na	na	-	-	none	unverifiable	protocol defect: kind=spec requires a note, none present
a46160a	2026-09-13	hydra	no	experiment	1	experiments/019: the held-out defect set for the 001 rebuild	no	na	na	no	not-required	-	-	na	-	experiments/019: the held-out defect set for the 001 rebuild	na	na	-	-	none	unverifiable	no corroborating evidence found
e67fa69	2026-09-14	hydra	no	apps	1	fix(checkout): label the line1 field 'Address line 1' (#67)	no	na	na	no	not-required	#67	-	na	-	fix(checkout): label the line1 field 'Address line 1' (#67)	na	na	67:pr-merged	-	none	unverifiable	no corroborating evidence found
faf7c6e	2026-09-14	hydra	no	spec	1	spec: guard 6 (production-first) gets a predicate, and three values	no	na	na	yes	missing-note	-	-	na	-	spec: guard 6 (production-first) gets a predicate, and three values	na	na	-	-	none	unverifiable	protocol defect: kind=spec requires a note, none present
5bd5f52	2026-09-14	hydra	no	apps	1	fix(dashboard): harden the estate writes, and record who asked	no	na	na	no	not-required	#1	-	na	-	fix(dashboard): harden the estate writes, and record who asked	na	na	1:issue-open	-	none	unverifiable	no corroborating evidence found
b392a03	2026-09-14	hydra	no	model	6	sync README, simulator and TLA+ with the grind	no	na	na	no	not-required	-	-	na	-	sync README, simulator and TLA+ with the grind	na	na	-	-	none	unverifiable	no corroborating evidence found
4c8cd42	2026-09-14	hydra	no	apps	1	fix(checkout): label the postcode field 'Postcode / ZIP' (#68)	no	na	na	no	not-required	#68	-	na	-	fix(checkout): label the postcode field 'Postcode / ZIP' (#68)	na	na	68:pr-merged	-	none	unverifiable	no corroborating evidence found
ca06945	2026-09-14	hydra	no	spec	2	scenarios D17 + spec: two guards have never refused anything	no	na	na	yes	missing-note	-	-	na	-	scenarios D17 + spec: two guards have never refused anything	na	na	-	-	none	unverifiable	protocol defect: kind=spec requires a note, none present
f7533db	2026-09-14	hydra	no	apps	1	fix(checkout): stop the shipping inputs overflowing a narrow screen (#69)	no	na	na	no	not-required	#69	-	na	-	fix(checkout): stop the shipping inputs overflowing a narrow screen (#69)	na	na	69:pr-merged	-	none	unverifiable	no corroborating evidence found
41fb706	2026-09-14	hydra	no	docs	4	feat(adopt): a profile, a generator and a conformance ladder for taking these controls elsewhere	no	na	na	no	not-required	-	-	na	-	feat(adopt): a profile, a generator and a conformance ladder for taking these	na	na	-	-	none	unverifiable	no corroborating evidence found
f3fe16d	2026-09-14	hydra	no	change-script	2	feat(marker): deployment marker, after the release-complete notice	no	na	na	yes	missing-note	#63,#64,#66,#67,#68,#69	-	na	-	feat(marker): deployment marker, after the release-complete notice	na	na	63:pr-merged,64:pr-merged,66:pr-merged,67:pr-merged,68:pr-merged,69:pr-merged	-	none	unverifiable	protocol defect: kind=change-script requires a note, none present
3ab098c	2026-09-14	mini	no	docs	1	docs: research notes for the next ADR -- a timeline of pipeline semantics	no	na	na	no	not-required	-	-	na	-	docs: research notes for the next ADR -- a timeline of pipeline	na	na	-	-	none	unverifiable	no corroborating evidence found
5e3f838	2026-09-14	mini	no	docs	1	docs(pipeline-history): auto-merge as the final gate, and a merge queue with released semantics	no	na	na	no	not-required	-	-	na	-	docs(pipeline-history): auto-merge as the final gate, and a merge queue with released	na	na	-	-	none	unverifiable	no corroborating evidence found
b95608f	2026-09-14	mini	no	docs	1	docs: five properties, three substrates -- overview and references	no	na	na	no	not-required	-	-	na	-	docs: five properties, three substrates -- overview and references	na	na	-	-	none	unverifiable	no corroborating evidence found
ec78444	2026-09-14	mini	no	docs	1	docs(pipeline-history): citation audit of references, branching policies and trains	no	na	na	no	not-required	-	-	na	-	docs(pipeline-history): citation audit of references, branching policies and trains	na	na	-	-	none	unverifiable	no corroborating evidence found
d8769f5	2026-09-14	mini	no	docs	1	docs(five-properties): citation audit of the standards and references	no	na	na	no	not-required	-	-	na	-	docs(five-properties): citation audit of the standards and references	na	na	-	-	none	unverifiable	no corroborating evidence found
be20856	2026-09-14	mini	no	docs	1	docs(pipeline-history): citation audit of the timeline	no	na	na	no	not-required	-	-	na	-	docs(pipeline-history): citation audit of the timeline	na	na	-	-	none	unverifiable	no corroborating evidence found
fb4cde5	2026-09-14	mini	no	docs	2	docs: substrate emulation on macOS, and the second agent's reference survey	no	na	na	no	not-required	-	-	na	-	docs: substrate emulation on macOS, and the second agent's reference survey	na	na	-	-	none	unverifiable	no corroborating evidence found
9992472	2026-09-14	mini	no	chore	1	fix(forge-check): probe the API instead of trusting that a token exists	no	na	na	no	not-required	-	-	na	-	fix(forge-check): probe the API instead of trusting that a token exists	na	na	-	-	none	no-claim	chore with no issue reference or note
45c1163	2026-09-14	mini	no	spec	1	spec: macOS cell observed; main can now be protected	no	na	na	yes	missing-note	-	-	na	-	spec: macOS cell observed; main can now be protected	na	na	-	-	none	unverifiable	protocol defect: kind=spec requires a note, none present
4c7c6f7	2026-09-14	mini	no	docs	1	docs(readme): one vocabulary for the lifecycle, the calendar and the environments	no	na	na	no	not-required	-	-	na	-	docs(readme): one vocabulary for the lifecycle, the calendar and the environments	na	na	-	-	none	unverifiable	no corroborating evidence found
e9987b1	2026-09-14	mini	no	docs	2	docs(screenshots): the forge PR list from Emacs	no	na	na	no	not-required	-	-	na	-	docs(screenshots): the forge PR list from Emacs	na	na	-	-	none	unverifiable	no corroborating evidence found
8b6270f	2026-09-14	mini	no	model	6	feat(model): the label namespace as a state machine, in TLA+ and Python, cross-checked	yes	yes	yes	no	not-required	#87,#88,#89	./tla/check.sh ; python3 sim/label_sim.py --bound 30 ; python3 sim/cross_check.py	no	macOS Darwin 24.1.0, OpenJDK 21.0.4, Python 3.11.10, Hypothe	feat(model): the label namespace as a state machine, in TLA+ and Python,	no-slow	na	87:issue-closed,88:issue-open,89:issue-open	-	sim,tlc	confirmed-by-note-only	note complete, runnable=no-slow
dff0887	2026-09-14	mini	no	model	6	feat(model): the reaper, the merge and the cleanup, modelled; eleven rules, cross-checked	yes	yes	yes	no	not-required	#87,#90	./tla/check.sh ; python3 sim/label_sim.py --bound 40 --walks 0 ; LABEL_BOUND=40 python3 sim/cross_check.py ; gmake gate-selftest	no	macOS Darwin 24.1.0, OpenJDK 21.0.4, Python 3.11.10, Hypothe	feat(model): the reaper, the merge and the cleanup, modelled; eleven rules, cross-checked	no-slow	na	87:issue-closed,90:issue-open	-	sim,tlc	confirmed-by-note-only	note complete, runnable=no-slow
81af5ce	2026-09-14	mini	no	experiment	2	experiments/020: browser UAT on block 0 refutes smoke-as-acceptance	no	na	na	no	not-required	#91	-	na	-	experiments/020: browser UAT on block 0 refutes smoke-as-acceptance	na	na	91:issue-open	-	none	unverifiable	no corroborating evidence found
c0b188c	2026-09-14	mini	no	experiment	1	experiments/020: the storefront rows are enhancement opportunities, not failures	no	na	na	no	not-required	#91	-	na	-	experiments/020: the storefront rows are enhancement opportunities, not failures	na	na	91:issue-open	-	none	unverifiable	no corroborating evidence found
af62b71	2026-09-14	mini	no	gate	11	feat(gates): uat -- the browser journey as accepted, in headless Chromium	yes	yes	yes	yes	ok	#71	gmake dev; gmake uat url=http://127.0.0.1:9000	yes	macOS Darwin 24.1.0, Node v26.2.0, @playwright/test 1.63.0, 	feat(gates): uat -- the browser journey as accepted, in headless Chromium	no-writes	na	71:pr-open	-	gate	confirmed-by-note-only	note complete, runnable=no-writes
a841ffe	2026-09-14	mini	no	docs	1	docs(targets): two Cloudflare shapes for staging and production, priced	no	na	na	no	not-required	-	-	na	-	docs(targets): two Cloudflare shapes for staging and production, priced	na	na	-	-	none	unverifiable	no corroborating evidence found
2d0a78c	2026-09-14	mini	no	docs	1	docs: hosting survey -- the most trivial staging and production for the estate	no	na	na	no	not-required	-	-	na	-	docs: hosting survey -- the most trivial staging and production for the	na	na	-	-	none	unverifiable	no corroborating evidence found
77a8a92	2026-09-14	mini	no	docs	1	docs(readme): app:* and itil:* are guidance, not permission	no	na	na	no	not-required	-	-	na	-	docs(readme): app:* and itil:* are guidance, not permission	na	na	-	-	none	unverifiable	no corroborating evidence found
4948220	2026-09-14	mini	no	model	7	feat(model): an emergency closes the estate -- entry blocked, holder evicted	yes	yes	yes	no	not-required	-	./tla/check.sh ; python3 sim/label_sim.py --bound 40 --walks 0 ; python3 sim/label_sim.py --disable EmergencyPreempts --bound 40 --walks 0 ; LABEL_BOUND=40 python3 sim/cross_check.py	no	macOS Darwin 24.1.0, OpenJDK 21.0.4, Python 3.11.10	feat(model): an emergency closes the estate -- entry blocked, holder evicted	no-slow	na	-	-	sim,tlc	confirmed-by-note-only	note complete, runnable=no-slow
a9d5db5	2026-09-14	mini	no	docs	9	feat(idp): the contract as OpenAPI, an in-memory mock, and four interfaces	no	na	na	no	not-required	-	-	na	-	feat(idp): the contract as OpenAPI, an in-memory mock, and four interfaces	na	na	-	-	none	unverifiable	no corroborating evidence found
4f73b5b	2026-09-14	mini	no	change-script	3	fix(change): lock.sh exists; deploy-staging can write the refusal it computes	yes	yes	yes	yes	ok	#1,#89,#92,#94,#100,#101	./change/lock.sh acquire 92 staging; GITHUB_RUN_ID=test ./change/lock.sh acquire 94 staging ; ./change/lock.sh release ; gh run view 34897883064 --log | grep 'queue.sh claim'	yes	macOS Darwin 24.1.0; workflows on ubuntu-latest	fix(change): lock.sh exists; deploy-staging can write the refusal it computes	no-writes	na	1:issue-open,89:issue-open,92:pr-merged,94:pr-merged,100:pr-merged,101:pr-merged	-	none	confirmed-by-note-only	note complete, runnable=no-writes
896f3fc	2026-09-14	mini	no	chore	1	feat(promote): staging:smoke lands deploy:production	no	na	na	no	not-required	-	-	na	-	feat(promote): staging:smoke lands deploy:production	na	na	-	-	none	no-claim	chore with no issue reference or note
c9aa934	2026-09-14	mini	no	chore	1	fix(promote): latest run per gate, and wait for one still running	no	na	na	no	not-required	#93	-	na	-	fix(promote): latest run per gate, and wait for one still running	na	na	93:pr-merged	-	none	unverifiable	no corroborating evidence found
7473431	2026-09-14	hydra	no	change-script	1	fix(abort): clear deploy:production and change:complete too	no	na	na	yes	missing-note	#92	-	na	-	fix(abort): clear deploy:production and change:complete too	na	na	92:pr-merged	-	none	unverifiable	protocol defect: kind=change-script requires a note, none present
6641337	2026-09-14	hydra	no	model	2	sim/grind100: 100 PRs, two release policies, four degraded-infra cases	no	na	na	no	not-required	-	-	na	-	sim/grind100: 100 PRs, two release policies, four degraded-infra cases	na	na	-	-	none	unverifiable	no corroborating evidence found
988a65e	2026-09-14	hydra	no	experiment	5	experiments/021: the PR as a state machine, through gating and evidence	no	na	na	no	not-required	-	-	na	-	experiments/021: the PR as a state machine, through gating and evidence	na	na	-	-	none	unverifiable	no corroborating evidence found
1dedad9	2026-09-14	hydra	no	experiment	5	docs(021): model the PR deployment lifecycle as a state machine	no	na	na	no	not-required	-	-	na	-	docs(021): model the PR deployment lifecycle as a state machine	na	na	-	-	none	unverifiable	no corroborating evidence found
eff29c2	2026-09-14	hydra	no	experiment	8	experiments(021): protection, precedence and overrides state machine	no	na	na	no	not-required	#1	-	na	-	experiments(021): protection, precedence and overrides state machine	na	na	1:issue-open	-	none	unverifiable	no corroborating evidence found
1b7c8ed	2026-09-14	hydra	no	chore	0	experiments/021: record authorship of the environments/estate state machine	no	na	na	no	not-required	#92	-	na	-	experiments/021: record authorship of the environments/estate state machine	na	na	92:pr-merged	-	none	unverifiable	no corroborating evidence found
05f0c6a	2026-09-14	hydra	no	model	2	sim/grind100: reliability -- 80% deploy success, 1% unhealthy production	no	na	na	no	not-required	-	-	na	-	sim/grind100: reliability -- 80% deploy success, 1% unhealthy production	na	na	-	-	none	unverifiable	no corroborating evidence found
7fdd063	2026-09-14	hydra	no	experiment	6	docs(021): the bar for a state machine, and nine confirmed artefact disagreements	no	na	na	no	not-required	-	-	na	-	docs(021): the bar for a state machine, and nine confirmed artefact disagreements	na	na	-	-	none	unverifiable	no corroborating evidence found
7684702	2026-09-14	hydra	no	chore	0	experiments/021: record authorship of the end-to-end PR state machine	no	na	na	no	not-required	#92	-	na	-	experiments/021: record authorship of the end-to-end PR state machine	na	na	92:pr-merged	-	none	unverifiable	no corroborating evidence found
29a9cc1	2026-09-14	hydra	no	change-script	1	fix(activate): three live D16 sites, including a guard that could not refuse	no	na	na	yes	missing-note	-	-	na	-	fix(activate): three live D16 sites, including a guard that could not refuse	na	na	-	-	none	unverifiable	protocol defect: kind=change-script requires a note, none present
234a745	2026-09-14	hydra	no	spec	4	spec: the label grammar -- intent drives, everything else annotates	no	na	na	yes	missing-note	#92	-	na	-	spec: the label grammar -- intent drives, everything else annotates	na	na	92:pr-merged	-	none	unverifiable	protocol defect: kind=spec requires a note, none present
e06ca88	2026-09-14	hydra	no	spec	1	spec: delete change:emergency, state itil:emergency once, no change:start	no	na	na	yes	missing-note	-	-	na	-	spec: delete change:emergency, state itil:emergency once, no change:start	na	na	-	-	none	unverifiable	protocol defect: kind=spec requires a note, none present
6458e1b	2026-09-14	hydra	no	spec	2	spec+D20: change:start is the human intent; the berth label is never written	no	na	na	yes	missing-note	#63,#64,#66,#67,#68,#69,#92	-	na	-	spec+D20: change:start is the human intent; the berth label is never written	na	na	63:pr-merged,64:pr-merged,66:pr-merged,67:pr-merged,68:pr-merged,69:pr-merged,92:pr-merged	-	none	unverifiable	protocol defect: kind=spec requires a note, none present
836256a	2026-09-14	hydra	no	experiment	2	experiments/021: expand the label vocabulary to 23 candidates, then pare	no	na	na	no	not-required	-	-	na	-	experiments/021: expand the label vocabulary to 23 candidates, then pare	na	na	-	-	none	unverifiable	no corroborating evidence found
3af2060	2026-09-14	hydra	no	docs	1	docs: survey external label vocabularies for staging/production deployment	no	na	na	no	not-required	#34	-	na	-	docs: survey external label vocabularies for staging/production deployment	na	na	34:issue-closed	-	none	unverifiable	no corroborating evidence found
a3781c5	2026-09-14	hydra	no	docs	1	docs: correct two counts in the label survey	no	na	na	no	not-required	-	-	na	-	docs: correct two counts in the label survey	na	na	-	-	none	unverifiable	no corroborating evidence found
c6acc82	2026-09-14	hydra	no	docs	2	ci: stop re-gating on labels, and add the dual-shape contract gate	no	na	na	no	not-required	#57,#69	-	na	-	ci: stop re-gating on labels, and add the dual-shape contract gate	na	na	57:pr-merged,69:pr-merged	-	none	unverifiable	no corroborating evidence found
9653d49	2026-09-14	hydra	no	docs	1	docs: withdraw two claims in the label survey, add four verified sections	no	na	na	no	not-required	-	-	na	-	docs: withdraw two claims in the label survey, add four verified sections	na	na	-	-	none	unverifiable	no corroborating evidence found
beae33a	2026-09-14	hydra	no	change-script	2	labels: add change:start and berth:stale, the two the paring kept	no	na	na	yes	missing-note	#92	-	na	-	labels: add change:start and berth:stale, the two the paring kept	na	na	92:pr-merged	-	none	unverifiable	protocol defect: kind=change-script requires a note, none present
5e3a491	2026-09-14	hydra	no	change-script	1	feat(uat): CHANGE_WINDOW_ADVISORY, and the calendar is enforced in two places	no	na	na	yes	missing-note	-	-	na	-	feat(uat): CHANGE_WINDOW_ADVISORY, and the calendar is enforced in two places	na	na	-	-	none	unverifiable	protocol defect: kind=change-script requires a note, none present
ca0861e	2026-09-14	hydra	no	spec	1	spec: the labels are print statements, and that is the whole problem	no	na	na	yes	missing-note	-	-	na	-	spec: the labels are print statements, and that is the whole problem	na	na	-	-	none	unverifiable	protocol defect: kind=spec requires a note, none present
df94f37	2026-09-14	mini	no	change-script	12	feat(model): staging:hold as intent, <env>:deployed then <env>:healthy as the trigger; fourteen rules	yes	yes	yes	yes	ok	-	python3 tla/frames.py --check ; ./tla/check.sh ; python3 sim/label_sim.py --bound 12 --census ; LABEL_BOUND=12 python3 sim/cross_check.py	no	macOS Darwin 24.1.0, OpenJDK 21.0.4, Python 3.11.10, 16 GB	feat(model): staging:hold as intent, <env>:deployed then <env>:healthy as the trigger; fourteen rules	no-slow	na	-	-	sim,tlc	confirmed-by-note-only	note complete, runnable=no-slow
49a5550	2026-09-14	mini	no	change-script	10	feat(lock): deploy:staging is the lock; a refusal resets the change; complete then end	no	na	na	yes	missing-note	-	-	na	-	feat(lock): deploy:staging is the lock; a refusal resets the change; complete then	na	na	-	-	none	unverifiable	protocol defect: kind=change-script requires a note, none present
4752fa1	2026-09-14	mini	no	chore	1	fix(deploy-staging): write no verdict label; a refusal at preflight is not a failed measurement	no	na	na	no	not-required	-	-	na	-	fix(deploy-staging): write no verdict label; a refusal at preflight is not a	na	na	-	-	none	no-claim	chore with no issue reference or note
1226d9d	2026-09-14	mini	no	change-script	2	fix(abort): a failed release ends and cleans up like a settled one	no	na	na	yes	missing-note	-	-	na	-	fix(abort): a failed release ends and cleans up like a settled one	na	na	-	-	none	unverifiable	protocol defect: kind=change-script requires a note, none present
4e67e27	2026-09-14	hydra	no	change-script	2	labels: declare the five that existed on the forge and nowhere else	no	na	na	yes	missing-note	#92	-	na	-	labels: declare the five that existed on the forge and nowhere else	na	na	92:pr-merged	-	none	unverifiable	protocol defect: kind=change-script requires a note, none present
171cb87	2026-09-14	mini	no	apps	1	feat(pdp): a perkier pre-order line (#95)	no	na	na	no	not-required	#95	-	na	-	feat(pdp): a perkier pre-order line (#95)	na	na	95:pr-merged	-	none	unverifiable	no corroborating evidence found
6a82124	2026-09-14	mini	no	change-script	1	fix(settle): the instruments' evidence is the record, not the label	no	na	na	yes	missing-note	#92	-	na	-	fix(settle): the instruments' evidence is the record, not the label	na	na	92:pr-merged	-	none	unverifiable	protocol defect: kind=change-script requires a note, none present
a5a2d64	2026-09-14	mini	no	change-script	1	fix(lock): in CI, release only the lock this run acquired	no	na	na	yes	missing-note	#95	-	na	-	fix(lock): in CI, release only the lock this run acquired	na	na	95:pr-merged	-	none	unverifiable	protocol defect: kind=change-script requires a note, none present
cf9f6f7	2026-09-14	mini	no	apps	1	feat(core): a brighter sky-blue page background (#93)	no	na	na	no	not-required	#93	-	na	-	feat(core): a brighter sky-blue page background (#93)	na	na	93:pr-merged	-	none	unverifiable	no corroborating evidence found
e1e82fc	2026-09-14	mini	no	apps	1	feat(plp): a brighter mint for the listing page (#96)	no	na	na	no	not-required	#96	-	na	-	feat(plp): a brighter mint for the listing page (#96)	na	na	96:pr-merged	-	none	unverifiable	no corroborating evidence found
c6b139e	2026-09-14	mini	no	apps	1	feat(core): a perkier account panel (#92)	no	na	na	no	not-required	#92	-	na	-	feat(core): a perkier account panel (#92)	na	na	92:pr-merged	-	none	unverifiable	no corroborating evidence found
a8fd06f	2026-09-14	mini	no	experiment	2	experiments/022: five agents, one lock -- what the PR list could and could not tell	no	na	na	no	not-required	-	-	na	-	experiments/022: five agents, one lock -- what the PR list could and	na	na	-	-	none	unverifiable	no corroborating evidence found
80e85dc	2026-09-14	mini	no	apps	1	feat(pdp): a sunnier product-page background (#94)	no	na	na	no	not-required	#94	-	na	-	feat(pdp): a sunnier product-page background (#94)	na	na	94:pr-merged	-	none	unverifiable	no corroborating evidence found
ae88308	2026-09-14	mini	no	experiment	1	experiments/022: #94 landed -- five of five	no	na	na	no	not-required	#94	-	na	-	experiments/022: #94 landed -- five of five	na	na	94:pr-merged	-	none	unverifiable	no corroborating evidence found
b96cb12	2026-09-14	hydra	no	docs	1	scenarios D21: three identities, one lock, and neither operator could tell	no	na	na	no	not-required	#92,#94,#96,#97,#99,#101	-	na	-	scenarios D21: three identities, one lock, and neither operator could tell	na	na	92:pr-merged,94:pr-merged,96:pr-merged,97:pr-merged,99:pr-merged,101:pr-merged	-	none	unverifiable	no corroborating evidence found
3fcd84d	2026-09-14	mini	no	change-script	3	feat(change): driver.sh and scheduler.sh -- a person says change:start, the process takes over	yes	yes	yes	yes	ok	#97,#101	./change/driver.sh 101 ; ./change/scheduler.sh --once	yes	macOS 24.1.0, gh 2.x as jwalsh, blocks :9010/:9020 serving 5	feat(change): driver.sh and scheduler.sh -- a person says change:start, the process takes	no-writes	na	97:pr-merged,101:pr-merged	101	none	confirmed-by-note-only	note complete, runnable=no-writes
28680ef	2026-09-14	mini	no	chore	1	feat(mock): a brighter lavender page background (#101)	no	na	na	no	not-required	#101	-	na	-	feat(mock): a brighter lavender page background (#101)	na	na	101:pr-merged	-	none	unverifiable	no corroborating evidence found
11508f6	2026-09-14	mini	no	apps	1	feat(plp): a perkier no-results line (#99)	no	na	na	no	not-required	#99	-	na	-	feat(plp): a perkier no-results line (#99)	na	na	99:pr-merged	-	none	unverifiable	no corroborating evidence found
503bbe9	2026-09-14	mini	no	apps	1	feat(checkout): a sparkle on the Continue button (#98)	no	na	na	no	not-required	#98	-	na	-	feat(checkout): a sparkle on the Continue button (#98)	na	na	98:pr-merged	-	none	unverifiable	no corroborating evidence found
427f7c0	2026-09-14	mini	no	apps	1	feat(core): a warm butter highlight for inline code (#104)	no	na	na	no	not-required	#104	-	na	-	feat(core): a warm butter highlight for inline code (#104)	na	na	104:pr-merged	-	none	unverifiable	no corroborating evidence found
1dc0407	2026-09-14	mini	no	apps	1	feat(shared): a brighter green on the .b badge (#100)	no	na	na	no	not-required	#100	-	na	-	feat(shared): a brighter green on the .b badge (#100)	na	na	100:pr-merged	-	none	unverifiable	no corroborating evidence found
ec1bfbf	2026-09-14	mini	no	apps	1	feat(plp): a magnifying glass on the search prompt (#105)	no	na	na	no	not-required	#105	-	na	-	feat(plp): a magnifying glass on the search prompt (#105)	na	na	105:pr-merged	-	none	unverifiable	no corroborating evidence found
11eb352	2026-09-14	mini	no	apps	1	feat(checkout): a brighter pink for the checkout surface (#97)	no	na	na	no	not-required	#97	-	na	-	feat(checkout): a brighter pink for the checkout surface (#97)	na	na	97:pr-merged	-	none	unverifiable	no corroborating evidence found
afa0e25	2026-09-14	mini	no	gate	7	fix(change): what two owners could not read on their tickets (experiments/023)	no	na	na	yes	missing-note	#104	-	na	-	fix(change): what two owners could not read on their tickets (experiments/023)	na	na	104:pr-merged	-	gate	unverifiable	protocol defect: kind=gate requires a note, none present
392794e	2026-09-14	mini	no	apps	1	feat(pdp): a perkier low-stock nudge (#106)	no	na	na	no	not-required	#106	-	na	-	feat(pdp): a perkier low-stock nudge (#106)	na	na	106:pr-merged	-	none	unverifiable	no corroborating evidence found
b67ec32	2026-09-14	mini	no	apps	1	feat(pdp): a perkier in-stock line (#108)	no	na	na	no	not-required	#108	-	na	-	feat(pdp): a perkier in-stock line (#108)	na	na	108:pr-merged	-	none	unverifiable	no corroborating evidence found
4ae446b	2026-09-14	mini	no	apps	1	feat(checkout): a brighter pink for the checkout page (#107)	no	na	na	no	not-required	#107	-	na	-	feat(checkout): a brighter pink for the checkout page (#107)	na	na	107:pr-merged	-	none	unverifiable	no corroborating evidence found
61b7007	2026-09-14	mini	no	change-script	6	experiments/023: five of five landed on change:start alone; what the owners could not read	no	na	na	yes	missing-note	-	-	na	-	experiments/023: five of five landed on change:start alone; what the owners could	na	na	-	-	none	unverifiable	protocol defect: kind=change-script requires a note, none present
73a9ab7	2026-09-14	hydra	no	model	2	tla: model the lock OWNER, and an invariant that could not fail	no	na	na	no	not-required	-	-	na	-	tla: model the lock OWNER, and an invariant that could not fail	na	na	-	-	none	unverifiable	no corroborating evidence found
aa55d5e	2026-09-14	hydra	no	model	2	sim: the berth has an owner, and a foreign release is refused	no	na	na	no	not-required	-	-	na	-	sim: the berth has an owner, and a foreign release is refused	na	na	-	-	none	unverifiable	no corroborating evidence found
9b47cc8	2026-09-14	hydra	no	apps	1	feat(core): add an empty-cart panel to /cart (#52)	no	na	na	no	not-required	#52	-	na	-	feat(core): add an empty-cart panel to /cart (#52)	na	na	52:pr-merged	-	none	unverifiable	no corroborating evidence found
b2ea4be	2026-09-14	hydra	no	experiment	2	experiments/024 + D22: five owners, one task each, and one landed	no	na	na	no	not-required	#52,#55,#60,#61,#70	-	na	-	experiments/024 + D22: five owners, one task each, and one landed	na	na	52:pr-merged,55:pr-closed,60:pr-closed,61:pr-merged,70:pr-closed	-	none	unverifiable	no corroborating evidence found
b82b41f	2026-09-15	hydra	no	change-script	1	labels: lock down the declaration -- create two that never existed, dedupe five	no	na	na	yes	missing-note	#55	-	na	-	labels: lock down the declaration -- create two that never existed, dedupe	na	na	55:pr-closed	-	none	unverifiable	protocol defect: kind=change-script requires a note, none present
1a7cf7e	2026-09-15	hydra	no	apps	1	feat(core): soften the page background a shade (#110)	no	na	na	no	not-required	#110	-	na	-	feat(core): soften the page background a shade (#110)	na	na	110:pr-merged	-	none	unverifiable	no corroborating evidence found
d03ea58	2026-09-15	hydra	no	apps	1	docs(core): tidy the account panel wording (#117)	no	na	na	no	not-required	#117	-	na	-	docs(core): tidy the account panel wording (#117)	na	na	117:pr-merged	-	none	unverifiable	no corroborating evidence found
478c1be	2026-09-15	hydra	no	apps	1	feat(plp): soften the listing background a shade (#111)	no	na	na	no	not-required	#111	-	na	-	feat(plp): soften the listing background a shade (#111)	na	na	111:pr-merged	-	none	unverifiable	no corroborating evidence found
c1720b9	2026-09-15	hydra	no	apps	1	feat(checkout): soften the checkout background (#114)	no	na	na	no	not-required	#114	-	na	-	feat(checkout): soften the checkout background (#114)	na	na	114:pr-merged	-	none	unverifiable	no corroborating evidence found
f7ade0f	2026-09-15	hydra	no	apps	1	feat(pdp): lighten the product-page background (#112)	no	na	na	no	not-required	#112	-	na	-	feat(pdp): lighten the product-page background (#112)	na	na	112:pr-merged	-	none	unverifiable	no corroborating evidence found
2c4ac2a	2026-09-15	hydra	no	apps	1	docs(checkout): tidy the order-total wording (#119)	no	na	na	no	not-required	#119	-	na	-	docs(checkout): tidy the order-total wording (#119)	na	na	119:pr-merged	-	none	unverifiable	no corroborating evidence found
2dde134	2026-09-15	hydra	no	apps	1	fix(pdp): deepen the error background for contrast (#113)	no	na	na	no	not-required	#113	-	na	-	fix(pdp): deepen the error background for contrast (#113)	na	na	113:pr-merged	-	none	unverifiable	no corroborating evidence found
fb1edaa	2026-09-15	hydra	no	apps	1	fix(core): keep /orders out of the index (#115)	no	na	na	no	not-required	#115	-	na	-	fix(core): keep /orders out of the index (#115)	na	na	115:pr-merged	-	none	unverifiable	no corroborating evidence found
1371c0d	2026-09-15	hydra	no	gate	1	gates/pr-state-audit: the five minimal invariants, applied to the live forge	no	na	na	yes	missing-note	#52,#55,#70,#115,#116	-	na	-	gates/pr-state-audit: the five minimal invariants, applied to the live forge	na	na	52:pr-merged,55:pr-closed,70:pr-closed,115:pr-merged,116:pr-merged	-	gate	unverifiable	protocol defect: kind=gate requires a note, none present
1b08533	2026-09-15	hydra	no	apps	1	feat(core): a little more breathing room on the page (#116)	no	na	na	no	not-required	#116	-	na	-	feat(core): a little more breathing room on the page (#116)	na	na	116:pr-merged	-	none	unverifiable	no corroborating evidence found
8560a7e	2026-09-15	hydra	no	gate	3	gates+dashboard: the five invariants, self-tested and on the board	no	na	na	yes	missing-note	#55,#70	-	na	-	gates+dashboard: the five invariants, self-tested and on the board	na	na	55:pr-closed,70:pr-closed	-	gate	unverifiable	protocol defect: kind=gate requires a note, none present
3a9fea2	2026-09-15	hydra	no	apps	1	feat(core): a touch more line height for readability (#118)	no	na	na	no	not-required	#118	-	na	-	feat(core): a touch more line height for readability (#118)	na	na	118:pr-merged	-	none	unverifiable	no corroborating evidence found
7160a1a	2026-09-15	hydra	no	gate	3	ADR 0005 + gate: a label exists in a model before it exists in the pipeline	no	na	na	yes	missing-note	-	-	na	-	ADR 0005 + gate: a label exists in a model before it	na	na	-	-	gate	unverifiable	protocol defect: kind=gate requires a note, none present
af64a8b	2026-09-15	hydra	no	docs	1	scenarios D23: ten changes, no calendar -- all ten landed, evidence corrupted anyway	no	na	na	no	not-required	#111,#116	-	na	-	scenarios D23: ten changes, no calendar -- all ten landed, evidence corrupted	na	na	111:pr-merged,116:pr-merged	-	none	unverifiable	no corroborating evidence found
e62d4fd	2026-09-15	hydra	no	chore	1	skill(change-watch): the verb that only looks	no	na	na	no	not-required	#1,#55,#70	-	na	-	skill(change-watch): the verb that only looks	na	na	1:issue-open,55:pr-closed,70:pr-closed	-	none	unverifiable	no corroborating evidence found
d727900	2026-09-15	hydra	no	chore	1	agent(queue-atc): air traffic control for the queue, and why it is scaffolding	no	na	na	no	not-required	-	-	na	-	agent(queue-atc): air traffic control for the queue, and why it is scaffolding	na	na	-	-	none	no-claim	chore with no issue reference or note
a25db39	2026-09-15	hydra	no	model	2	sim+docs: labels are the only channel, and nobody is coordinating	no	na	na	no	not-required	-	-	na	-	sim+docs: labels are the only channel, and nobody is coordinating	na	na	-	-	none	unverifiable	no corroborating evidence found
93b5ad3	2026-09-15	hydra	no	gate	1	pr-state-audit: a grace window, and the tombstone nobody can resolve	no	na	na	yes	missing-note	#55,#70	-	na	-	pr-state-audit: a grace window, and the tombstone nobody can resolve	na	na	55:pr-closed,70:pr-closed	-	gate	unverifiable	protocol defect: kind=gate requires a note, none present
1bd4897	2026-09-15	hydra	no	spec	5	spec+models: two closure enums, and the two closures that were missing	no	na	na	yes	missing-note	#40,#52,#70	-	na	-	spec+models: two closure enums, and the two closures that were missing	na	na	40:pr-closed,52:pr-merged,70:pr-closed	-	none	unverifiable	protocol defect: kind=spec requires a note, none present
9847d98	2026-09-15	hydra	no	change-script	1	feat(crowsnest): report what is ACTIVE in the estate as sightings	no	na	na	yes	missing-note	-	-	na	-	feat(crowsnest): report what is ACTIVE in the estate as sightings	na	na	-	-	none	unverifiable	protocol defect: kind=change-script requires a note, none present
fff65b8	2026-09-15	hydra	no	gate	16	gates: lint-shell, shfmt, shebang and python-lint, from the L7 shell review	no	na	na	yes	missing-note	-	-	na	-	gates: lint-shell, shfmt, shebang and python-lint, from the L7 shell review	na	na	-	-	gate	unverifiable	protocol defect: kind=gate requires a note, none present
481bf99	2026-09-15	hydra	no	gate	1	pr-state-audit: I6 -- the bookings and the labels must agree	no	na	na	yes	missing-note	#61	-	na	-	pr-state-audit: I6 -- the bookings and the labels must agree	na	na	61:pr-merged	-	gate	unverifiable	protocol defect: kind=gate requires a note, none present
de98fe1	2026-09-15	hydra	no	apps	4	apps: lint-js per app, and it refuses to pretend	no	na	na	no	not-required	-	-	na	-	apps: lint-js per app, and it refuses to pretend	na	na	-	-	none	unverifiable	no corroborating evidence found
6865ba9	2026-09-15	hydra	no	docs	1	docs: hold the cross-section contradiction scan, do not send it	no	na	na	no	not-required	-	-	na	-	docs: hold the cross-section contradiction scan, do not send it	na	na	-	-	none	unverifiable	no corroborating evidence found
9edcdc5	2026-09-15	hydra	no	model	1	fix(sim): the labeller attaches itil:standard, not change:standard	no	na	na	no	not-required	#120,#121	-	na	-	fix(sim): the labeller attaches itil:standard, not change:standard	na	na	120:issue-open,121:issue-open	-	none	unverifiable	no corroborating evidence found
702bb26	2026-09-15	hydra	no	spec	12	round 1/3: change:standard|normal -> itil:* in the authoritative documents	no	na	na	yes	missing-note	#121	-	na	-	round 1/3: change:standard|normal -> itil:* in the authoritative documents	na	na	121:issue-open	-	none	unverifiable	protocol defect: kind=spec requires a note, none present
5098d94	2026-09-15	hydra	no	gate	11	round 2/3: fixtures to itil:*, and the audit did not know two closure codes	no	na	na	yes	missing-note	#16,#55,#70	-	na	-	round 2/3: fixtures to itil:*, and the audit did not know two	na	na	16:issue-closed,55:pr-closed,70:pr-closed	-	gate	unverifiable	protocol defect: kind=gate requires a note, none present
8482bd2	2026-09-15	hydra	no	change-script	17	round 3/3: change:emergency -> itil:* everywhere, including a LIVE defect	no	na	na	yes	missing-note	-	-	na	-	round 3/3: change:emergency -> itil:* everywhere, including a LIVE defect	na	na	-	-	none	unverifiable	protocol defect: kind=change-script requires a note, none present
0051f5a	2026-09-15	hydra	no	gate	5	fix(smoke): a crawl that visited nothing is not a pass	no	na	na	yes	missing-note	-	-	na	-	fix(smoke): a crawl that visited nothing is not a pass	na	na	-	-	gate	unverifiable	protocol defect: kind=gate requires a note, none present
fba7062	2026-09-15	hydra	no	model	2	fix(models): a citation into the driver that had rotted onto another control	no	na	na	no	not-required	-	-	na	-	fix(models): a citation into the driver that had rotted onto another control	na	na	-	-	none	unverifiable	no corroborating evidence found
b2cbfaf	2026-09-15	hydra	no	docs	1	docs(claude): three claims this file was making that are false	no	na	na	no	not-required	-	-	na	-	docs(claude): three claims this file was making that are false	na	na	-	-	none	unverifiable	no corroborating evidence found
06e9f77	2026-09-15	hydra	no	gate	1	fix(smoke): the same defect at a second site, where it crashes the gate	no	na	na	yes	missing-note	-	-	na	-	fix(smoke): the same defect at a second site, where it crashes the	na	na	-	-	gate	unverifiable	protocol defect: kind=gate requires a note, none present
30ba9e4	2026-09-15	hydra	no	change-script	1	fix(settle): the same defect, in the audit record, already posted 12 times	no	na	na	yes	missing-note	#107,#108,#110,#119	-	na	-	fix(settle): the same defect, in the audit record, already posted 12 times	na	na	107:pr-merged,108:pr-merged,110:pr-merged,119:pr-merged	-	none	unverifiable	protocol defect: kind=change-script requires a note, none present
279ff0c	2026-09-15	hydra	no	change-script	1	declare(labels): the five closures are mutually exclusive, which nothing said	no	na	na	yes	missing-note	#55,#61,#70	-	na	-	declare(labels): the five closures are mutually exclusive, which nothing said	na	na	55:pr-closed,61:pr-merged,70:pr-closed	-	none	unverifiable	protocol defect: kind=change-script requires a note, none present
b2963aa	2026-09-15	hydra	no	model	3	model: the merge is the tombstone, and a variable split so the check survives it	no	na	na	no	not-required	#52	-	na	-	model: the merge is the tombstone, and a variable split so the	na	na	52:pr-merged	-	none	unverifiable	no corroborating evidence found
aff79ae	2026-09-15	hydra	no	docs	1	docs(readme): the cleanup flow, the reviewer, and two dead labels removed	no	na	na	no	not-required	#52,#99,#108,#110,#119	-	na	-	docs(readme): the cleanup flow, the reviewer, and two dead labels removed	na	na	52:pr-merged,99:pr-merged,108:pr-merged,110:pr-merged,119:pr-merged	-	none	unverifiable	no corroborating evidence found
936e8ea	2026-09-15	hydra	no	gate	2	pr-state-audit: I6 -- the calendar and the labels are two records of one fact	no	na	na	yes	missing-note	#61	-	na	-	pr-state-audit: I6 -- the calendar and the labels are two records of	na	na	61:pr-merged	-	gate	unverifiable	protocol defect: kind=gate requires a note, none present
7903957	2026-09-15	mini	no	docs	1	docs: promotion models -- seven kinds of progression behind one word	no	na	na	no	not-required	-	-	na	-	docs: promotion models -- seven kinds of progression behind one word	na	na	-	-	none	unverifiable	no corroborating evidence found
af140ee	2026-09-15	hydra	no	docs	1	docs: deployment signalling labels, surveyed in situ	no	na	na	no	not-required	-	-	na	-	docs: deployment signalling labels, surveyed in situ	na	na	-	-	none	unverifiable	no corroborating evidence found
17076ea	2026-09-15	hydra	no	docs	1	docs: research note -- what the frameworks already say about classifying a change	no	na	na	no	not-required	-	-	na	-	docs: research note -- what the frameworks already say about classifying a	na	na	-	-	none	unverifiable	no corroborating evidence found
43a8e3e	2026-09-15	hydra	no	chore	1	labeller: migrations are itil:normal, and the ownership boundary is stated	no	na	na	no	not-required	-	-	na	-	labeller: migrations are itil:normal, and the ownership boundary is stated	na	na	-	-	none	no-claim	chore with no issue reference or note
2f47e07	2026-09-15	mini	no	research	6	docs(research): the history and the research as one document, none of the internals	no	na	na	no	not-required	-	-	na	-	docs(research): the history and the research as one document, none of the	na	na	-	-	none	unverifiable	no corroborating evidence found
9ca827b	2026-09-15	mini	no	research	8	docs(research): gmake build; the substrate mapping as its own include	no	na	na	no	not-required	-	-	na	-	docs(research): gmake build; the substrate mapping as its own include	na	na	-	-	none	unverifiable	no corroborating evidence found
63a66b3	2026-09-15	mini	no	spec	60	docs(research): the research notes move out of docs/ into research/{history,substrates,findings}	no	na	na	yes	missing-note	-	-	na	-	docs(research): the research notes move out of docs/ into research/{history,substrates,findings}	na	na	-	-	none	unverifiable	protocol defect: kind=spec requires a note, none present
211c9b4	2026-09-15	mini	no	research	1	docs(research): promotion models verified -- forty-five rows, five auditors, a drawer each	no	na	na	no	not-required	-	-	na	-	docs(research): promotion models verified -- forty-five rows, five auditors, a drawer each	na	na	-	-	none	unverifiable	no corroborating evidence found
98bf103	2026-09-15	mini	no	research	2	docs(research): the PDF wraps its tables and has its glyphs	no	na	na	no	not-required	-	-	na	-	docs(research): the PDF wraps its tables and has its glyphs	na	na	-	-	none	unverifiable	no corroborating evidence found
72592ad	2026-09-15	mini	no	change-script	49	docs(research): the writeup passes the wal.sh style; five more documents move in; the PDF follows the family's preamble	no	na	na	yes	missing-note	-	-	na	-	docs(research): the writeup passes the wal.sh style; five more documents move in;	na	na	-	-	none	unverifiable	protocol defect: kind=change-script requires a note, none present
d89e7cc	2026-09-15	mini	no	change-script	11	feat(change): release:unaffected -- nothing to release, so the only act left is the merge	yes	yes	yes	yes	ok	-	python3 sim/label_sim.py --bound 8 --walks 0 --disable Interfere ; python3 sim/label_sim.py --bound 8 --walks 0 --disable Interfere --disable UnaffectedMerges	no	macOS 24.1.0, OpenJDK, python3.14 (walks off)	feat(change): release:unaffected -- nothing to release, so the only act left is	yes	na	-	-	sim	unverifiable	no corroborating evidence found
3d4fbe7	2026-09-15	mini	no	research	3	docs(research): the method as a procedure; the tracking layer prefixed by writer	no	na	na	no	not-required	-	-	na	-	docs(research): the method as a procedure; the tracking layer prefixed by writer	na	na	-	-	none	unverifiable	no corroborating evidence found
31114b9	2026-09-15	mini	no	research	1	docs(research): the release:* mandate -- the person's words name the intent, never the environment	no	na	na	no	not-required	-	-	na	-	docs(research): the release:* mandate -- the person's words name the intent, never	na	na	-	-	none	unverifiable	no corroborating evidence found
b7e0428	2026-09-15	mini	no	research	1	docs(research): one include form, every document at the same level; affected-by-construction included	no	na	na	no	not-required	-	-	na	-	docs(research): one include form, every document at the same level; affected-by-construction included	na	na	-	-	none	unverifiable	no corroborating evidence found
7728fc3	2026-09-15	mini	no	research	1	docs(research): release:* words are said about a branch; the default branch needs none	no	na	na	no	not-required	-	-	na	-	docs(research): release:* words are said about a branch; the default branch needs	na	na	-	-	none	unverifiable	no corroborating evidence found
571ce2b	2026-09-15	mini	no	model	2	fix(tla): release:unaffected is said first, and an unaffected change asks for nothing	yes	yes	yes	no	not-required	-	python3 sim/label_sim.py --bound 6 --walks 0 --disable Interfere ; python3 sim/label_sim.py --bound 8 --walks 0 --disable Interfere --disable UnaffectedMerges	no	-	fix(tla): release:unaffected is said first, and an unaffected change asks for nothing	yes	na	-	-	sim	unverifiable	no corroborating evidence found
ee40928	2026-09-15	mini	no	change-script	5	docs(research): Mermaid blocks render to figures at export; when.sh reads a person's time	no	na	na	yes	missing-note	#58	-	na	-	docs(research): Mermaid blocks render to figures at export; when.sh reads a person's	na	na	58:pr-open	-	none	unverifiable	protocol defect: kind=change-script requires a note, none present
fd6e740	2026-09-15	mini	no	research	5	docs(research): the core case, then the scheduled case; three release skills state the intervention contract	no	na	na	no	not-required	-	-	na	-	docs(research): the core case, then the scheduled case; three release skills state	na	na	-	-	none	unverifiable	no corroborating evidence found
544f42e	2026-09-15	mini	no	experiment	12	docs(research): rebuilder order, the evidence census, generated appendix tables, three more figures	no	na	na	no	not-required	-	-	na	-	docs(research): rebuilder order, the evidence census, generated appendix tables, three more figures	na	na	-	-	none	unverifiable	no corroborating evidence found
93f0505	2026-09-15	mini	no	research	6	docs(research): the PDF after the LaTeX review -- parts, a title page, wrapped verbatim, ragged weighted tables	no	na	na	no	not-required	-	-	na	-	docs(research): the PDF after the LaTeX review -- parts, a title page,	na	na	-	-	none	unverifiable	no corroborating evidence found
0cac8af	2026-09-15	mini	no	chore	1	chore: ignore .DS_Store	no	na	na	no	not-required	-	-	na	-	chore: ignore .DS_Store	na	na	-	-	none	no-claim	chore with no issue reference or note
a46b999	2026-09-15	mini	no	change-script	14	docs: release:unaffected is release:skip; the release:* grammar options for rebuild 005	no	na	na	yes	missing-note	-	-	na	-	docs: release:unaffected is release:skip; the release:* grammar options for rebuild 005	na	na	-	-	none	unverifiable	protocol defect: kind=change-script requires a note, none present
6c353ce	2026-09-15	mini	no	research	1	docs(research): the core case assumes approval before start; no reviewer in the flow	no	na	na	no	not-required	-	-	na	-	docs(research): the core case assumes approval before start; no reviewer in the	na	na	-	-	none	unverifiable	no corroborating evidence found
c36bc1b	2026-09-15	mini	no	research	3	docs(research): appendix tables regenerated at 6c353ce	no	na	na	no	not-required	-	-	na	-	docs(research): appendix tables regenerated at 6c353ce	na	na	-	-	none	unverifiable	no corroborating evidence found
33b5722	2026-09-15	hydra	no	apps	1	fix(pdp): name the empty-SKU placeholder on the not-found page (#61)	no	na	na	no	not-required	#61	-	na	-	fix(pdp): name the empty-SKU placeholder on the not-found page (#61)	na	na	61:pr-merged	-	none	unverifiable	no corroborating evidence found
df52210	2026-09-15	mini	no	gate	19	feat(change): release:start is the person's word; the driver defers to a booked window and has a dry run	no	na	na	yes	missing-note	#61,#65	-	na	-	feat(change): release:start is the person's word; the driver defers to a booked	na	na	61:pr-merged,65:pr-open	-	gate	unverifiable	protocol defect: kind=gate requires a note, none present
6d13885	2026-09-15	mini	no	experiment	2	fix(promote): deploy:production lands only once the accepted journey has held	no	na	na	no	not-required	#60	-	na	-	fix(promote): deploy:production lands only once the accepted journey has held	na	na	60:pr-closed	-	none	unverifiable	no corroborating evidence found
0a7b89d	2026-09-15	mini	no	chore	1	fix(promote): the landing step is gated on the requirement step's output	no	na	na	no	not-required	-	-	na	-	fix(promote): the landing step is gated on the requirement step's output	na	na	-	-	none	no-claim	chore with no issue reference or note
7399918	2026-09-15	mini	no	experiment	2	docs(readme): only the current status -- the superseded hold text and the historical asides go	no	na	na	no	not-required	-	-	na	-	docs(readme): only the current status -- the superseded hold text and the	na	na	-	-	none	unverifiable	no corroborating evidence found
4ad9cad	2026-09-15	hydra	no	apps	1	fix(pdp): give the unavailable-catalogue page a concrete retry hint (#62)	no	na	na	no	not-required	#62	-	na	-	fix(pdp): give the unavailable-catalogue page a concrete retry hint (#62)	na	na	62:pr-merged	-	none	unverifiable	no corroborating evidence found
2a5d25b	2026-09-15	mini	no	change-script	2	chore(labels): the deploy labels and change:end are the scheduler's, one writer role for two scripts; release:skip on the forge, change:start gone	no	na	na	yes	missing-note	-	-	na	-	chore(labels): the deploy labels and change:end are the scheduler's, one writer role	na	na	-	-	none	unverifiable	protocol defect: kind=change-script requires a note, none present
9514db7	2026-09-15	mini	no	gate	40	feat(labels): change:* is release:* -- the port, scripted as experiment 025	no	na	na	yes	missing-note	-	-	na	-	feat(labels): change:* is release:* -- the port, scripted as experiment 025	na	na	-	-	gate	unverifiable	protocol defect: kind=gate requires a note, none present
57bcad2	2026-09-15	mini	no	experiment	1	experiments/017: the mini's 2026-09-14/16 session, same counting rule	no	na	na	no	not-required	-	-	na	-	experiments/017: the mini's 2026-09-14/16 session, same counting rule	na	na	-	-	none	unverifiable	no corroborating evidence found
1d83827	2026-09-15	mini	no	research	2	docs(research): rule 17's positive run -- 102,726,288 states, no error	no	na	na	no	not-required	-	-	na	-	docs(research): rule 17's positive run -- 102,726,288 states, no error	na	na	-	-	none	unverifiable	no corroborating evidence found
e26b6f8	2026-09-15	mini	no	experiment	2	meta: carried forward -- nine findings with their incidents and triggers, seven skill candidates	no	na	na	no	not-required	-	-	na	-	meta: carried forward -- nine findings with their incidents and triggers, seven	na	na	-	-	none	unverifiable	no corroborating evidence found
0d976de	2026-09-15	mini	no	docs	1	meta: the bastille operator's report is the review's other half	no	na	na	no	not-required	-	-	na	-	meta: the bastille operator's report is the review's other half	na	na	-	-	none	unverifiable	no corroborating evidence found
9560471	2026-09-15	mini	no	experiment	2	experiments/026: the mainline review, specified for a cheap driver	no	na	na	no	not-required	-	-	na	-	experiments/026: the mainline review, specified for a cheap driver	na	na	-	-	none	unverifiable	no corroborating evidence found
