2026-09-13T15:42:05Z	9	8370c74	blue	1e32c05	app:checkout change:standard deployed:production change:requested staging:e2e staging:smoke staging:uat production:smoke production:e2e
2026-09-13T16:13:46Z	11	baed821	green	8370c74	app:core app:plp app:pdp app:checkout change:normal deploy:staging production:healthy staging:e2e staging:smoke staging:uat production:smoke
2026-09-13T16:54:42Z	19	e7b0e7d	blue	baed821	app:core app:plp app:pdp app:checkout change:normal deploy:staging production:healthy staging:e2e staging:smoke staging:uat production:smoke
2026-09-13T17:28:57Z	31	766a522	green	e7b0e7d	app:pdp change:standard production:healthy staging:e2e staging:smoke staging:uat production:smoke
2026-09-13T17:40:20Z	20	ad5f5f7	blue	766a522	app:core app:plp app:pdp app:checkout app:mock itil:standard deploy:staging production:healthy staging:e2e staging:smoke staging:uat production:smoke
2026-09-13T18:58:33Z	36	73423f0	green	ad5f5f7	app:core app:plp app:pdp app:checkout app:mock itil:normal deploy:staging production:healthy labeler:skip staging:e2e staging:smoke staging:uat production:smoke control-plane release:start
2026-09-13T19:10:08Z	39	675adb2	blue	73423f0	app:core itil:standard deploy:staging production:healthy labeler:skip staging:e2e staging:smoke staging:uat production:smoke review:proxy
2026-09-13T19:22:40Z	43	055fd20	blue	73423f0	app:checkout itil:standard deploy:staging production:healthy labeler:skip staging:e2e staging:smoke staging:uat production:smoke review:proxy
2026-09-13T23:32:24Z	28	c5babfe	green	055fd20	app:core itil:standard change:scheduled staging:e2e staging:smoke staging:uat
2026-09-13T23:41:39Z	6	8fb503d	blue	c5babfe	app:checkout itil:normal change:scheduled staging:e2e staging:smoke staging:uat
2026-09-13T23:51:22Z	38	37dc1c0	green	8fb503d	app:plp app:pdp itil:standard change:scheduled staging:e2e staging:smoke staging:uat
2026-09-14T00:01:26Z	33	81f3cb4	blue	37dc1c0	app:core app:plp app:pdp app:checkout itil:standard change:scheduled staging:e2e staging:smoke staging:uat
2026-09-14T00:21:28Z	44	e526722	green	81f3cb4	itil:standard change:scheduled staging:e2e staging:smoke staging:uat review:proxy
2026-09-14T00:31:25Z	42	d720341	blue	e526722	app:pdp itil:normal change:scheduled staging:e2e staging:smoke staging:uat review:proxy
2026-09-14T00:41:17Z	40	43646f9	green	d720341	itil:standard change:scheduled staging:e2e staging:smoke staging:uat review:proxy
2026-09-14T02:01:21Z	53	9583730	green	d720341	app:core itil:standard change:scheduled staging:e2e staging:smoke staging:uat
2026-09-14T02:11:20Z	54	df22f7a	blue	9583730	app:core itil:standard change:scheduled staging:e2e staging:smoke staging:uat
